"customer_id","customer_name"
AG-10270,Alejandro Grove
ON-18715,Odella Nelson
TB-21055,Ted Butterfield
JE-15745,Joel Eaton
RB-19465,Rick Bensley
JM-15250,Janet Martin
LC-16885,Lena Creighton
CS-12130,Chad Sievert
DK-13150,David Kendrick
SK-19990,Sally Knutson
VM-21685,Valerie Mitchum
JH-15910,Jonathan Howell
SB-20290,Sean Braxton
RC-19825,Roy Collins
AH-10210,Alan Hwang
CB-12535,Claudia Bergmann
JO-15280,Jas O'Carroll
CR-12625,Corey Roper
PO-18850,Patrick O'Brill
AB-10060,Adam Bellavance
MK-17905,Michael Kennedy
GT-14755,Guy Thornton
DK-13225,Dean Katz
NG-18430,Nathan Gelder
BB-11545,Brenda Bowman
TB-21595,Troy Blackwell
XP-21865,Xylona Preis
LS-17245,Lynn Smith
JF-15490,Jeremy Farry
FP-14320,Frank Preis
DV-13465,Dianna Vittorini
JO-15550,Jesus Ocampo
MR-17545,Mathew Reese
SS-20875,Sung Shariari
LT-17110,Liz Thompson
PJ-19015,Pauline Johnson
EM-14095,Eudokia Martin
CM-12445,Chuck Magee
SM-20005,Sally Matthias
JS-15595,Jill Stevenson
EL-13735,Ed Ludwig
GB-14530,George Bell
RP-19270,Rachel Payne
KM-16225,Kalyca Meade
HR-14770,Hallie Redmond
DG-13300,Deirdre Greer
TS-21160,Theresa Swint
CM-12160,Charles McCrossin
BT-11395,Bill Tyler
NC-18340,Nat Carroll
CA-12055,Cathy Armstrong
SM-20950,Suzanne McNair
CC-12220,Chris Cortes
EB-13975,Erica Bern
CM-12115,Chad McGuire
HM-14860,Harry Marie
HA-14905,Helen Abelman
KN-16390,Katherine Nockton
JD-15790,John Dryer
AI-10855,Arianne Irving
PL-18925,Paul Lucas
IG-15085,Ivan Gibson
AW-10840,Anthony Witt
MC-18100,Mick Crebagga
BS-11380,Bill Stewart
TH-21100,Thea Hendricks
CC-12685,Craig Carroll
TB-21175,Thomas Boland
MD-17860,Michael Dominguez
DB-13660,Duane Benoit
CT-11995,Carol Triggs
AF-10870,Art Ferguson
KF-16285,Karen Ferguson
DB-13555,Dorothy Badders
JM-16195,Justin MacKendrick
RS-19420,Ricardo Sperren
KW-16570,Kelly Williams
CR-12580,Clay Rozendal
JM-15865,John Murray
BD-11635,Brian Derr
CL-12700,Craig Leslie
SR-20425,Sharelle Roach
BF-11215,Benjamin Farhat
SJ-20215,Sarah Jordon
RD-19930,Russell D'Ascenzo
VS-21820,Vivek Sundaresam
KS-16300,Karen Seio
MH-17290,Marc Harrigan
SB-20185,Sarah Brown
EM-14200,Evan Minnotte
HD-14785,Harold Dahlen
SM-20905,Susan MacKendrick
IM-15070,Irene Maddox
RA-19885,Ruben Ausman
DP-13000,Darren Powers
DN-13690,Duane Noonan
JC-16105,Julie Creighton
SC-20725,Steven Cartwright
DW-13585,Dorothy Wardle
HA-14920,Helen Andreada
JK-15640,Jim Kriz
AM-10360,Alice McCarthy
FH-14365,Fred Hopkins
HK-14890,Heather Kirkland
MS-17980,Michael Stewart
JB-15925,Joni Blumstein
KL-16645,Ken Lonsdale
DB-13615,Doug Bickford
CC-12550,Clay Cheatham
AS-10285,Alejandro Savely
DO-13435,Denny Ordway
PO-19180,Philisse Overcash
JG-15805,John Grady
SA-20830,Sue Ann Reed
CM-12385,Christopher Martinez
EP-13915,Emily Phan
GT-14710,Greg Tran
BD-11725,Bruce Degenhardt
LR-16915,Lena Radford
AR-10510,Andrew Roberts
JD-16150,Justin Deggeller
DJ-13630,Doug Jacobs
CK-12325,Christine Kargatis
JF-15355,Jay Fein
BM-11785,Bryan Mills
ES-14020,Erica Smith
CD-11920,Carlos Daly
HW-14935,Helen Wasserman
TR-21325,Toby Ritter
PG-18820,Patrick Gardner
BM-11650,Brian Moss
AJ-10780,Anthony Jacobs
PK-18910,Paul Knutson
PC-18745,Pamela Coakley
HL-15040,Hunter Lopez
JR-16210,Justin Ritter
RW-19690,Robert Waldorf
SL-20155,Sara Luxemburg
RA-19945,Ryan Akin
MT-17815,Meg Tillman
DE-13255,Deanra Eno
MO-17500,Mary O'Rourke
FO-14305,Frank Olsen
PS-19045,Penelope Sewall
AA-10315,Alex Avila
SW-20755,Steven Ward
CP-12085,Cathy Prescott
AS-10045,Aaron Smayling
JK-16120,Julie Kriz
ST-20530,Shui Tom
MC-17425,Mark Cousins
KD-16495,Keith Dawkins
MS-17770,Maxwell Schwartz
TB-21400,Tom Boeckenhauer
JM-15655,Jim Mitchum
DB-13270,Deborah Brumfield
BO-11425,Bobby Odegard
AB-10150,Aimee Bixby
JW-16075,Julia West
SG-20470,Sheri Gordon
JG-15160,James Galang
TB-21280,Toby Braunhardt
CD-12280,Christina DeMoss
NS-18505,Neola Schneider
RB-19645,Robert Barroso
HF-14995,Herbert Flentye
ML-17755,Max Ludwig
JL-15235,Janet Lee
AC-10450,Amy Cox
JS-16030,Joy Smith
CC-12610,Corey Catlett
BS-11665,Brian Stugart
TB-21625,Trudy Brown
BF-11005,Barry Franz
MV-17485,Mark Van Huff
SV-20935,Susan Vittorini
SG-20605,Speros Goranitis
LS-17200,Luke Schmidt
KN-16450,Kean Nguyen
MC-17635,Matthew Clasen
JF-15295,Jason Fortune-
DF-13135,David Flashing
JP-16135,Julie Prescott
Dp-13240,Dean percer
HG-14845,Harry Greene
EC-14050,Erin Creighton
EH-14185,Evan Henry
TS-21505,Tony Sayre
PR-18880,Patrick Ryan
MH-17455,Mark Hamilton
VM-21835,Vivian Mathis
NC-18415,Nathan Cano
LS-17230,Lycoris Saunders
KE-16420,Katrina Edelman
MG-17695,Maureen Gnade
AH-10585,Angele Hood
AB-10015,Aaron Bergman
JM-15580,Jill Matthias
TS-21655,Trudy Schmidt
VP-21760,Victoria Pisteka
BD-11560,Brendan Dodson
HP-14815,Harold Pawlan
PK-19075,Pete Kriz
ZD-21925,Zuschuss Donatelli
SF-20065,Sandra Flanagan
EB-13870,Emily Burns
TB-21520,Tracy Blumstein
ES-14080,Erin Smith
PS-18970,Paul Stevenson
KD-16270,Karen Daniels
RB-19705,Roger Barcio
GZ-14470,Gary Zandusky
PA-19060,Pete Armstrong
AD-10180,Alan Dominguez
PF-19165,Philip Fox
TS-21610,Troy Staebel
RD-19900,Ruben Dartt
RM-19675,Robert Marley
DL-13315,Delfina Latchford
DR-12880,Dan Reichenbach
Dl-13600,Dorris liebe
AS-10225,Alan Schoenberger
VB-21745,Victoria Brennan
CJ-12010,Caroline Jumper
PB-19150,Philip Brown
JS-15940,Joni Sundaresam
JP-15520,Jeremy Pistek
RL-19615,Rob Lucas
OT-18730,Olvera Toch
JF-15415,Jennifer Ferguson
TG-21640,Trudy Glocke
CK-12595,Clytie Kelty
AT-10735,Annie Thurman
ME-17725,Max Engle
SC-20305,Sean Christensen
SR-20740,Steven Roelle
EH-14125,Eugene Hildebrand
TH-21235,Tiffany House
RB-19570,Rob Beeghly
DP-13165,David Philippe
EG-13900,Emily Grady
BF-11020,Barry Franz�sisch
DL-12865,Dan Lawera
BW-11110,Bart Watters
DP-13105,Dave Poirier
GP-14740,Guy Phonely
AG-10765,Anthony Garverick
BE-11335,Bill Eplett
SC-20050,Sample Company A
AH-10075,Adam Hart
JM-15535,Jessica Myrick
JA-15970,Joseph Airdo
MW-18235,Mitch Willingham
VG-21790,Vivek Gonzalez
NS-18640,Noel Staavos
BD-11620,Brian DeCherney
NM-18520,Neoma Murray
DL-13495,Dionis Lloyd
AT-10435,Alyssa Tate
GM-14680,Greg Matthias
JR-15700,Jocasta Rupert
GZ-14545,George Zrebassa
LD-17005,Lisa DeCherney
JF-15190,Jamie Frazer
BP-11290,Beth Paige
PW-19030,Pauline Webber
ME-17320,Maria Etezadi
GH-14425,Gary Hwang
CL-11890,Carl Ludwig
CM-12190,Charlotte Melton
TT-21460,Tonja Turnell
BE-11455,Brad Eason
ME-18010,Michelle Ellison
EH-13765,Edward Hooks
SC-20230,Scot Coram
JD-16015,Joy Daniels
SC-20800,Stuart Calhoun
ML-17410,Maris LaWare
TP-21415,Tom Prescott
CV-12295,Christina VanderZanden
AZ-10750,Annie Zypern
RR-19315,Ralph Ritter
BO-11350,Bill Overfelt
AG-10300,Aleksandra Gannaway
TT-21265,Tim Taslimi
TC-21295,Toby Carlisle
SC-20680,Steve Carroll
DL-13330,Denise Leinenbach
MH-18025,Michelle Huthwaite
AC-10660,Anna Chung
CS-11845,Cari Sayre
PT-19090,Pete Takahito
DB-12970,Darren Budd
AA-10645,Anna Andreadi
SG-20890,Susan Gilcrest
NF-18475,Neil Franz�sisch
ML-18265,Muhammed Lee
JK-16090,Juliana Krohn
SS-20515,Shirley Schmidt
CG-12520,Claire Gute
LH-16900,Lena Hernandez
GM-14455,Gary Mitchum
JS-15685,Jim Sink
CV-12805,Cynthia Voltz
JE-16165,Justin Ellison
LH-17155,Logan Haushalter
AG-10495,Andrew Gjertsen
AH-10195,Alan Haines
BP-11185,Ben Peterman
DJ-13510,Don Jones
AC-10420,Alyssa Crouse
JL-15505,Jeremy Lonsdale
JD-16060,Julia Dunbar
LA-16780,Laura Armstrong
SS-20140,Saphhira Shifley
KH-16510,Keith Herrera
TN-21040,Tanja Norvell
DB-13210,Dean Braden
BD-11605,Brian Dahlen
PH-18790,Patricia Hirasaki
KB-16240,Karen Bern
JC-15340,Jasper Cacioppo
AA-10375,Allen Armold
LM-17065,Liz MacKendrick
AJ-10945,Ashley Jarboe
EB-13840,Ellis Ballard
SF-20965,Sylvia Foulston
MO-17800,Meg O'Connel
FM-14380,Fred McMath
RP-19390,Resi P�lking
RS-19765,Roland Schwarz
DS-13030,Darrin Sayre
PB-19105,Peter B�hler
YC-21895,Yoseph Carroll
BV-11245,Benjamin Venier
BK-11260,Berenike Kampe
LS-16945,Linda Southworth
MS-17365,Maribeth Schnelling
MS-17710,Maurice Satty
BT-11485,Brad Thomas
PV-18985,Paul Van Hugh
LH-16750,Larry Hughes
SP-20620,Stefania Perrino
TB-21355,Todd Boyes
CS-12460,Chuck Sachs
HG-14965,Henry Goldwyn
LP-17095,Liz Preis
AB-10600,Ann Blume
RW-19540,Rick Wilson
AR-10540,Andy Reiter
NW-18400,Natalie Webber
MM-18055,Michelle Moray
EB-13930,Eric Barreto
JK-15205,Jamie Kunitz
ED-13885,Emily Ducich
CH-12070,Cathy Hwang
EH-13990,Erica Hackney
LW-17215,Luke Weiss
KA-16525,Kelly Andreada
TC-20980,Tamara Chand
RF-19345,Randy Ferguson
RB-19435,Richard Bierner
TG-21310,Toby Gnade
SC-20260,Scott Cohen
EM-13810,Eleni McCrary
SC-20380,Shahid Collister
CM-11935,Carlos Meador
TT-21220,Thomas Thornton
NB-18580,Nicole Brennan
CM-12235,Chris McAfee
TA-21385,Tom Ashbrook
SB-20170,Sarah Bern
MS-17530,MaryBeth Skach
RH-19555,Ritsa Hightower
CA-11965,Carol Adams
GB-14575,Giulietta Baptist
JB-16045,Julia Barnett
TC-21475,Tony Chapman
EB-14110,Eugene Barchas
LC-17050,Liz Carlisle
HJ-14875,Heather Jas
RB-19330,Randy Bradley
RM-19750,Roland Murray
EK-13795,Eileen Kiefer
CS-11860,Cari Schnelling
TH-21115,Thea Hudgings
BW-11065,Barry Weirich
MG-18205,Mitch Gastineau
AO-10810,Anthony O'Donnell
SC-20845,Sung Chung
SN-20710,Steve Nguyen
PO-18865,Patrick O'Donnell
SC-20770,Stewart Carmichael
KB-16315,Karl Braun
PN-18775,Parhena Norris
KD-16345,Katherine Ducich
LC-16870,Lena Cacioppo
DK-13090,Dave Kipp
LS-16975,Lindsay Shagiari
JD-15895,Jonathan Doherty
TW-21025,Tamara Willingham
BM-11140,Becky Martin
JB-15400,Jennifer Braxton
CB-12025,Cassandra Brandow
CC-12670,Craig Carreira
CA-12310,Christine Abelman
TS-21205,Thomas Seio
SP-20860,Sung Pak
FA-14230,Frank Atkinson
LF-17185,Luke Foster
RF-19840,Roy Franz�sisch
KC-16675,Kimberly Carter
KH-16630,Ken Heidel
MH-17785,Maya Herman
MT-18070,Michelle Tran
CW-11905,Carl Weiss
RO-19780,Rose O'Brian
MD-17350,Maribeth Dona
MY-17380,Maribeth Yedwab
DK-12985,Darren Koutras
BD-11320,Bill Donatelli
LP-17080,Liz Pelletier
CA-12775,Cynthia Arntzen
SF-20200,Sarah Foster
ZC-21910,Zuschuss Carroll
MS-17830,Melanie Seite
GD-14590,Giulietta Dortch
NG-18355,Nat Gilpin
JL-15835,John Lee
CC-12430,Chuck Clark
AR-10825,Anthony Rawles
CR-12730,Craig Reiter
SP-20545,Sibella Parks
GT-14635,Grant Thornton
JK-15370,Jay Kimmel
RD-19810,Ross DeVincentis
DC-13285,Debra Catini
MC-18130,Mike Caudle
AF-10885,Art Foster
SJ-20125,Sanjit Jacobs
JJ-15760,Joel Jenkins
SW-20275,Scott Williamson
DL-12925,Daniel Lacy
TB-21190,Thomas Brumley
TZ-21580,Tracy Zic
JS-15880,John Stevenson
AG-10390,Allen Goldenen
JH-15430,Jennifer Halladay
CY-12745,Craig Yedwab
AP-10720,Anne Pryor
BF-11170,Ben Ferrer
BG-11695,Brooke Gillingham
KT-16465,Kean Takahito
SZ-20035,Sam Zeldin
YS-21880,Yana Sorensen
TS-21085,Thais Sissman
CS-12505,Cindy Stewart
HH-15010,Hilary Holden
HZ-14950,Henia Zydlo
BT-11680,Brian Thompson
ND-18460,Neil Ducich
CB-12415,Christy Brittain
RH-19510,Rick Huthwaite
MM-17260,Magdelene Morse
BW-11200,Ben Wallace
WB-21850,William Brown
JH-15820,John Huston
IL-15100,Ivan Liston
PB-18805,Patrick Bzostek
RH-19600,Rob Haberlin
AW-10930,Arthur Wiediger
DK-13375,Dennis Kane
DB-13405,Denny Blanton
MW-18220,Mitch Webber
ML-18040,Michelle Lonsdale
PW-19240,Pierre Wener
NL-18310,Nancy Lomonaco
BE-11410,Bobby Elias
DR-12940,Daniel Raglin
DM-13015,Darrin Martin
BG-11740,Bruce Geld
SC-20020,Sam Craven
FC-14335,Fred Chung
DH-13675,Duane Huffman
VT-21700,Valerie Takahito
CS-12175,Charles Sheldon
DD-13570,Dorothy Dickinson
CR-12820,Cyra Reiten
MF-18250,Monica Federle
LW-17125,Liz Willingham
AR-10345,Alex Russell
AR-10570,Anemone Ratner
RE-19405,Ricardo Emerson
SO-20335,Sean O'Donnell
AA-10480,Andrew Allen
KB-16585,Ken Black
JM-15265,Janet Molinari
KM-16720,Kunst Miller
BS-11590,Brendan Sweed
HM-14980,Henry MacAllister
ER-13855,Elpida Rittenbach
NK-18490,Neil Knudson
MZ-17515,Mary Zewe
MB-17305,Maria Bertelson
LE-16810,Laurel Elliston
JH-15985,Joseph Holt
EA-14035,Erin Ashbrook
DB-13120,David Bremer
BB-10990,Barry Blumstein
NZ-18565,Nick Zandusky
AG-10525,Andy Gerbode
NM-18445,Nathan Mautz
GK-14620,Grace Kelly
TD-20995,Tamara Dahlen
KW-16435,Katrina Willman
AG-10900,Arthur Gainer
AR-10405,Allen Rosenblatt
RB-19795,Ross Baird
SC-20095,Sanjit Chand
SS-20590,Sonia Sunley
BN-11515,Bradley Nguyen
BD-11500,Bradley Drucker
CS-11950,Carlos Soltero
CC-12145,Charles Crestani
AS-10240,Alan Shonely
NB-18655,Nona Balk
CA-12265,Christina Anderson
DJ-13420,Denny Joy
NP-18325,Naresj Patel
AP-10915,Arthur Prichep
PO-19195,Phillina Ober
RF-19735,Roland Fjeld
CP-12340,Christine Phan
RH-19495,Rick Hansen
CK-12760,Cyma Kinney
SE-20110,Sanjit Engle
CG-12040,Catherine Glotzbach
KC-16255,Karen Carlisle
LW-16990,Lindsay Williams
SN-20560,Skye Norling
DW-13540,Don Weiss
CS-12355,Christine Sundaresam
NP-18700,Nora Preis
PF-19225,Phillip Flathmann
DC-12850,Dan Campbell
BD-11770,Bryan Davis
LW-16825,Laurel Workman
LB-16735,Larry Blacks
AB-10105,Adrian Barton
SV-20815,Stuart Van
SC-20440,Shaun Chance
NP-18685,Nora Pelletier
PC-19000,Pauline Chand
MP-18175,Mike Pelletier
EB-13750,Edward Becker
VG-21805,Vivek Grady
MY-18295,Muhammed Yedwab
RD-19480,Rick Duston
DP-13390,Dennis Pardue
JF-15565,Jill Fjeld
PB-19210,Phillip Breyer
BF-10975,Barbara Fisher
JE-15715,Joe Elijah
BF-11080,Bart Folk
AH-10120,Adrian Hane
SW-20245,Scot Wooten
BT-11440,Bobby Trafton
KN-16705,Kristina Nunn
TB-21250,Tim Brockman
SC-20575,Sonia Cooley
DB-12910,Daniel Byrd
KD-16615,Ken Dana
EN-13780,Edward Nazzal
SV-20785,Stewart Visinsky
GA-14515,George Ashbrook
VF-21715,Vicky Freymann
BP-11155,Becky Pak
EM-14140,Eugene Moren
MG-17875,Michael Grace
DM-12955,Dario Medina
KB-16405,Katrina Bavinger
JG-15310,Jason Gross
GH-14410,Gary Hansen
DW-13195,David Wiener
LB-16795,Laurel Beltran
CS-12490,Cindy Schnelling
NC-18535,Nick Crebassa
MF-17665,Maureen Fritzler
EJ-13720,Ed Jacobs
KM-16660,Khloe Miller
BS-11365,Bill Shonely
RD-19720,Roger Demir
AG-10330,Alex Grayson
NR-18550,Nick Radford
DM-13525,Don Miller
FC-14245,Frank Carlisle
MH-17440,Mark Haberlin
LD-16855,Lela Donovan
LC-16960,Lindsay Castell
DV-13045,Darrin Van Huff
BH-11710,Brosina Hoffman
MA-17560,Matt Abelman
GH-14485,Gene Hale
LC-16930,Linda Cazamias
KB-16600,Ken Brennan
PG-18895,Paul Gonzalez
CL-12565,Clay Ludtke
SP-20650,Stephanie Phelps
DB-13060,Dave Brooks
NP-18670,Nora Paige
SJ-20500,Shirley Jackson
FM-14290,Frank Merwin
LC-17140,Logan Currie
VD-21670,Valerie Dominguez
KH-16690,Kristen Hastings
SH-20395,Shahid Hopkins
MM-18280,Muhammed MacIntyre
RA-19915,Russell Applegate
JG-15115,Jack Garza
NF-18385,Natalie Fritzler
SD-20485,Shirley Daniels
RB-19360,Raymond Buch
EB-13705,Ed Braxton
EM-14065,Erin Mull
AJ-10960,Astrea Jones
MC-17605,Matt Connell
TP-21130,Theone Pippenger
CD-11980,Carol Darley
MC-17845,Michael Chen
RA-19285,Ralph Arnett
LL-16840,Lauren Leatherbury
BS-11800,Bryan Spruell
TS-21340,Toby Swindell
RD-19585,Rob Dowd
RD-19660,Robert Dilbeck
NF-18595,Nicole Fjeld
CC-12100,Chad Cunningham
LT-16765,Larry Tron
PM-18940,Paul MacIntyre
BT-11530,Bradley Talbott
KT-16480,Kean Thornton
GM-14500,Gene McClure
EB-14170,Evan Bailliet
AB-10255,Alejandro Ballentine
ND-18370,Natalie DeCherney
MG-17890,Michael Granlund
PP-18955,Paul Prost
KM-16375,Katherine Murray
DK-12835,Damala Kotsonis
MB-18085,Mick Brown
CM-12655,Corinna Mitchell
Co-12640,Corey-Lock
JW-15220,Jane Waco
JC-15385,Jenna Caffey
MC-17275,Marc Crier
CD-12790,Cynthia Delaney
JW-15955,Joni Wasserman
RM-19375,Raymond Messe
JE-15610,Jim Epp
BP-11230,Benjamin Patterson
JC-15775,John Castell
AC-10615,Ann Chong
AM-10705,Anne McFarland
MH-17620,Matt Hagelstein
SM-20320,Sean Miller
JK-15625,Jim Karlsson
PJ-18835,Patrick Jones
BC-11125,Becky Castell
EM-13825,Elizabeth Moffitt
BM-11575,Brendan Murry
GM-14695,Greg Maxwell
LO-17170,Lori Olson
MO-17950,Michael Oakman
DM-13345,Denise Monton
MA-17995,Michelle Arnett
AY-10555,Andy Yotov
JB-16000,Joy Bell-
SW-20350,Sean Wendt
JL-15130,Jack Lebron
AH-10030,Aaron Hawkins
DH-13075,Dave Hallsten
JO-15145,Jack O'Briant
SU-20665,Stephanie Ulpright
SP-20920,Susan Pistek
DK-12895,Dana Kaydos
AH-10465,Amy Hunt
SH-20635,Stefanie Holloman
TM-21490,Tony Molinari
TS-21430,Tom Stivers
DB-13360,Dennis Bolton
LR-17035,Lisa Ryan
SS-20410,Shahid Shariari
JK-15325,Jason Klamczynski
BP-11050,Barry Pond
CM-12715,Craig Molinari
FW-14395,Fred Wasserman
CJ-11875,Carl Jackson
EH-13945,Eric Hoffmann
CS-12400,Christopher Schild
RC-19960,Ryan Crowe
GG-14650,Greg Guthrie
SH-19975,Sally Hughsby
SG-20080,Sandra Glassco
MG-17680,Maureen Gastineau
TT-21070,Ted Trevino
EM-13960,Eric Murdock
MJ-17740,Max Jones
MP-17470,Mark Packer
BS-11755,Bruce Stewart
VW-21775,Victoria Wilson
DS-13180,David Smith
DW-13480,Dianna Wilson
KC-16540,Kelly Collister
KL-16555,Kelly Lampkin
JL-15850,John Lucas
MV-18190,Mike Vittorini
BP-11095,Bart Pistole
VP-21730,Victor Preis
AG-10675,Anna Gayman
MP-17965,Michael Paige
MK-18160,Mike Kennedy
JE-15475,Jeremy Ellison
MG-18145,Mike Gockenbach
AS-10135,Adrian Shami
CK-12205,Chloris Kastensmidt
AB-10165,Alan Barnes
BN-11470,Brad Norvell
TH-21550,Tracy Hopkins
SV-20365,Seth Vernon
SC-20695,Steve Chapman
LH-17020,Lisa Hazard
CS-12250,Chris Selesnick
AJ-10795,Anthony Johnson
JK-15730,Joe Kamberova
GM-14440,Gary McGarr
JL-15175,James Lanier
GA-14725,Guy Armstrong
PM-19135,Peter McVee
RW-19630,Rob Williams
RK-19300,Ralph Kennedy
KH-16360,Katherine Hughes
GH-14665,Greg Hansen
AS-10630,Ann Steele
JJ-15445,Jennifer Jackson
MG-17650,Matthew Grinstein
EH-14005,Erica Hernandez
FH-14275,Frank Hawley
HR-14830,Harold Ryan
EJ-14155,Eva Jacobs
MH-18115,Mick Hernandez
JH-16180,Justin Hirsh
QJ-19255,Quincy Jones
TC-21535,Tracy Collins
MC-17575,Matt Collins
FG-14260,Frank Gastineau
MN-17935,Michael Nguyen
JR-15670,Jim Radford
BT-11305,Beth Thompson
MM-17920,Michael Moore
NH-18610,Nicole Hansen
TS-21370,Todd Sumrall
ML-17395,Marina Lichtenstein
SW-20455,Shaun Weien
PS-18760,Pamela Stobb
FM-14215,Filia McAdams
DA-13450,Dianna Arnett
RP-19855,Roy Phan
KH-16330,Katharine Harms
GW-14605,Giulietta Weimer
NC-18625,Noah Childs
AS-10090,Adam Shillingsburg
MC-17590,Matt Collister
MZ-17335,Maria Zettner
TM-21010,Tamara Manning
HG-15025,Hunter Glantz
RR-19525,Rick Reed
FH-14350,Fred Harton
CC-12370,Christopher Conant
BF-11275,Beth Fritzler
RE-19450,Richard Eichhorn
JP-15460,Jennifer Patt
CC-12475,Cindy Chapman
CM-11815,Candace McMahon
AH-10690,Anna H�berlin
PF-19120,Peter Fuller
TP-21565,Tracy Poddar
GR-14560,Georgia Rosenberg
BG-11035,Barry Gonzalez
DO-13645,Doug O'Connell
TC-21145,Theresa Coyne
IM-15055,Ionia McGrath
HE-14800,Harold Engle
RS-19870,Roy Skaria
